subgroup,rows,MAE,RMSE,Macro-F1,Balanced Accuracy,Recall,False Negative Rate,Brier Score,Expected Calibration Error,coverage
validation: central lines,32200,0.3375068033378582,0.5427043112802186,0.9405793256290418,0.9299093009995012,0.8631402183039463,0.13685978169605365,0.006294891436988101,0.0030695508027152032,0.8721739130434782
validation: peripheral lines,27799,0.3627573050200728,0.5546540430500884,0.8881752438843707,0.8435895433453898,0.6907433380084151,0.30925666199158464,0.01293496475837841,0.006792323115523723,0.8576927227598115
test: central lines,32578,0.4099894266456675,0.6147170540494813,0.8688565841558835,0.814431712695844,0.6325771662328002,0.3674228337671996,0.02245093060841596,0.02257763908842859,0.8136779421695622
test: peripheral lines,27421,0.4104049735720596,0.5836628399140673,0.7646511766082006,0.6949668192318674,0.39170731707317075,0.608292682926829,0.03461735929949947,0.037289903492420805,0.813610006928996
external_test: central lines,32350,0.3529125545854876,0.5431693814248552,0.9140688873125167,0.89501893741689,0.7961165048543689,0.20388349514563095,0.011927321147634243,0.0036684828725489786,0.8558578052550232
external_test: peripheral lines,27649,0.37920230047367204,0.5530809139209503,0.874545712508914,0.8510065133764644,0.7109634551495017,0.2890365448504982,0.017985594307413238,0.009876025189664635,0.8417664291656117
