split,MAE_mean,MAE_std,MacroF1_mean,coverage_mean
external_test,0.3835070843049403,0.034371561534698655,0.941935995283972,0.9945332736061339
