comparison,split,source,paired_rows,mean_abs_error_difference,bootstrap_ci_low,bootstrap_ci_high,wilcoxon_p_value,paired_t_p_value
B-TGPRF vs ExtraTreesRegressor,test,baseline,59999,0.007991592591275624,0.0064163979924812846,0.009630115157886268,1.5067593013401285e-76,5.483970366931378e-22
B-TGPRF vs GRU,test,sota,1083,-0.9463648817077726,-1.0244705031876142,-0.8739503801910621,1.721278774895304e-119,2.50823406093879e-106
B-TGPRF vs ExtraTreesRegressor,external_test,baseline,59999,-0.009774358737261972,-0.011493370403434788,-0.008243040982864316,0.6007833967377921,5.690212957795857e-29
B-TGPRF vs GRU,external_test,sota,621,-0.8765761366065415,-0.9745352208203738,-0.7725263647800924,4.6696570916502724e-60,2.861729194033703e-52
