feature_group,columns,baseline_MAE,permuted_MAE,MAE_increase
line_flow_history,23,0.4624400678142592,10.395384640167022,9.932944572352762
temporal,10,0.4624400678142592,0.5571828594609226,0.09474279164666338
load,10,0.4624400678142592,0.4813976935894266,0.018957625775167353
graph,4,0.4624400678142592,0.4801643622393341,0.017724294425074893
other_numeric,1,0.4624400678142592,0.46518818965865627,0.0027481218443970445
generation,14,0.4624400678142592,0.46500769400160374,0.0025676261873445183
topology,4,0.4624400678142592,0.4632528141143965,0.0008127463001372792
operating_regime,3,0.4624400678142592,0.4624400678142592,0.0
