subgroup,rows,MAE,RMSE,Macro-F1,Balanced Accuracy,Recall,False Negative Rate,Brier Score,Expected Calibration Error,coverage
validation: high-risk periods,2617,0.2290952173077751,0.33728308969068516,0.4347732181425486,0.76920137562094,0.76920137562094,0.2307986243790599,0.14112353352667353,0.24311642253413573,0.9491784486052732
validation: near-threshold periods,6388,0.2562731131107341,0.40860101081851713,0.8591484819915971,0.8403468719869465,0.7195876288659794,0.2804123711340205,0.07825749357030798,0.034693853793590496,0.9245460237946149
test: high-risk periods,4739,0.2549192987220827,0.4147889075428957,0.3457131023056744,0.5283815150875713,0.5283815150875713,0.4716184849124287,0.3244219193309751,0.43653150868072277,0.9164380671027643
test: near-threshold periods,8026,0.2505460021753104,0.42843903652827414,0.6811055086337783,0.6923675905651947,0.4178326474622771,0.5821673525377228,0.19660452554821073,0.20481637726692967,0.9225018689259905
external_test: high-risk periods,3256,0.2621911684594693,0.3949372976237537,0.4307692307692308,0.7567567567567568,0.7567567567567568,0.24324324324324317,0.16118403228785072,0.26036985157606707,0.9204545454545454
external_test: near-threshold periods,7838,0.2529926702576822,0.4078963398240766,0.8256232073216422,0.8138669861884147,0.7013888888888888,0.298611111111111,0.10421437315309723,0.04643715347487035,0.9169430977290125
