origin_block,rows,MAE,RMSE,Macro-F1,Balanced Accuracy,Brier Score,Expected Calibration Error
Block 1,12000,0.2782110713892398,0.4109996580549316,0.9384744745976488,0.9306927267082774,0.00724648013770738,0.004518373300053452
Block 2,12000,0.30496558889874475,0.47065752462501986,0.9507196191535616,0.9374513893457055,0.006774652498070457,0.0033090119571010613
Block 3,11999,0.3576736978208501,0.5571760588353362,0.9237789723596344,0.9049589454144105,0.0099762359884987,0.004987630642664259
Block 4,12000,0.3899871170205937,0.6069740039892633,0.9039604076780653,0.8677999852496496,0.008113915349945095,0.003702804267897417
Block 5,12000,0.41519311348972665,0.6585719583252754,0.8334977656098755,0.7692682317682318,0.0147457631778756,0.013489584646102176
