split,rows,critical_h1,mean_abs_flow,critical_h1_rate
external_test,871200,47290.0,7.9446507,0.054281450872359964
test,517200,40853.0,7.9868946,0.07898878576952822
train,1572300,78641.0,7.9286137,0.05001653628442409
validation,524100,22868.0,7.9193535,0.043632894485785154
